{
  "Functions": [
    {
      "Id": 0,
      "Name": "Cluster",
      "Type": 0,
      "ReturnType": 1,
      "Params": {
        "a_dimension": 2,
        "b_features": 0,
        "c_other_args": 0
      }
    },
    {
      "Id": 1,
      "Name": "Cluster_by_Dim",
      "Type": 0,
      "ReturnType": 1,
      "Params": {
        "a_dimension1": 2,
        "b_dimension2": 2,
        "c_measure": 1,
        "d_other_args": 0
      }
    },
    {
      "Id": 2,
      "Name": "Cluster_Geo",
      "Type": 0,
      "ReturnType": 1,
      "Params": {
        "a_dimension1": 2,
        "b_latitude": 1,
        "c_longitude": 1,
        "d_other_args": 0
      }
    },
    {
      "Id": 3,
      "Name": "Correlation",
      "Type": 0,
      "ReturnType": 1,
      "Params": {
        "a_series1": 0,
        "b_series2": 0,
        "c_corr_type": 0
      }
    },
    {
      "Id": 4,
      "Name": "Pearson",
      "Type": 0,
      "ReturnType": 1,
      "Params": {
        "a_series1": 0,
        "b_series2": 0
      }
    },
    {
      "Id": 5,
      "Name": "Prophet",
      "Type": 0,
      "ReturnType": 1,
      "Params": {
        "a_date": 2,
        "b_value": 1,
        "c_other_args": 0
      }
    },
    {
      "Id": 6,
      "Name": "Prophet_Basic",
      "Type": 0,
      "ReturnType": 1,
      "Params": {
        "a_date": 2,
        "b_value": 1
      }
    },
    {
      "Id": 7,
      "Name": "Prophet_Holidays",
      "Type": 0,
      "ReturnType": 1,
      "Params": {
        "a_date": 2,
        "b_value": 1,
        "c_holidays": 2,
        "d_other_args": 0
      }
    },
    {
      "Id": 8,
      "Name": "Prophet_Seasonality",
      "Type": 0,
      "ReturnType": 1,
      "Params": {
        "a_season": 2,
        "b_time_series": 0,
        "c_holidays": 0,
        "d_other_args": 0
      }
    },
	{
      "Id": 9,
      "Name": "sklearn_Setup",
      "Type": 2,
      "ReturnType": 0,
      "Params": {
        "a_model_name": 0,
        "b_estimator_args": 0,
        "c_scaler_args": 0,
        "d_execution_args": 0
      }
    },
	{
      "Id": 10,
      "Name": "sklearn_Set_Features",
      "Type": 2,
      "ReturnType": 0,
      "Params": {
        "a_model_name": 0,
        "b_feature_name": 0,
		    "c_var_type": 0,
        "d_data_type": 0,
        "e_strategy": 0,
	  	  "f_strategy_args": 0
      }
    },
	{
      "Id": 11,
      "Name": "sklearn_Get_Features",
      "Type": 2,
      "ReturnType": 0,
      "Params": {
        "a_model_name": 0
      }
    },
	{
      "Id": 12,
      "Name": "sklearn_Fit",
      "Type": 2,
      "ReturnType": 0,
      "Params": {
        "a_model_name": 0,
		    "n_features": 0
      }
    },
	{
      "Id": 13,
      "Name": "sklearn_Partial_Fit",
      "Type": 2,
      "ReturnType": 0,
      "Params": {
        "a_model_name": 0,
		    "n_features": 0
      }
    },
	{
      "Id": 14,
      "Name": "sklearn_Predict",
      "Type": 0,
      "ReturnType": 0,
      "Params": {
        "a_model_name": 0,
		    "n_features": 0
      }
    },
	{
      "Id": 15,
      "Name": "sklearn_Bulk_Predict",
      "Type": 2,
      "ReturnType": 0,
      "Params": {
        "a_model_name": 0,
		    "b_key": 0,
		    "n_features": 0
      }
    },
	{
      "Id": 16,
      "Name": "sklearn_Predict_Proba",
      "Type": 0,
      "ReturnType": 0,
      "Params": {
        "a_model_name": 0,
		    "n_features": 0
      }
    },
	{
      "Id": 17,
      "Name": "sklearn_Bulk_Predict_Proba",
      "Type": 2,
      "ReturnType": 0,
      "Params": {
        "a_model_name": 0,
        "b_key": 0,
        "n_features": 0
      }
    },
	{
      "Id": 18,
      "Name": "sklearn_Get_Metrics",
      "Type": 2,
      "ReturnType": 0,
      "Params": {
        "a_model_name": 0
      }
    },
	{
      "Id": 19,
      "Name": "sklearn_List_Models",
      "Type": 2,
      "ReturnType": 0,
      "Params": {
        "a_search_pattern": 0
      }
    },
	{
      "Id": 20,
      "Name": "sklearn_Get_Features_Expression",
      "Type": 2,
      "ReturnType": 0,
      "Params": {
        "a_model_name": 0
      }
    },
	{
      "Id": 21,
      "Name": "sklearn_Setup_Adv",
      "Type": 2,
      "ReturnType": 0,
      "Params": {
        "a_model_name": 0,
        "b_estimator_args": 0,
        "c_scaler_args": 0,
		    "d_metric_args": 0,
		    "e_dim_reduction_args": 0,
        "f_execution_args": 0
      }
    },
	{
      "Id": 22,
      "Name": "sklearn_Calculate_Metrics",
      "Type": 2,
      "ReturnType": 0,
      "Params": {
        "a_model_name": 0,
		    "n_features": 0
      }
    },
	{
      "Id": 23,
      "Name": "sklearn_Get_Confusion_Matrix",
      "Type": 2,
      "ReturnType": 0,
      "Params": {
        "a_model_name": 0
      }
    },
  {
      "Id": 24,
      "Name": "sklearn_Set_Param_Grid",
      "Type": 2,
      "ReturnType": 0,
      "Params": {
        "a_model_name": 0,
        "b_estimator_args": 0,
        "c_grid_search_args": 0
      }
    },
  {
      "Id": 25,
      "Name": "sklearn_Get_Best_Params",
      "Type": 2,
      "ReturnType": 0,
      "Params": {
        "a_model_name": 0
      }
    },
  {
      "Id": 26,
      "Name": "sklearn_Fit_Transform",
      "Type": 2,
      "ReturnType": 0,
      "Params": {
        "a_model_name": 0,
		    "b_key": 0,
		    "n_features": 0
      }
    },
  {
      "Id": 27,
      "Name": "sklearn_Fit_Predict",
      "Type": 0,
      "ReturnType": 0,
      "Params": {
        "a_model_name": 0,
		    "n_features": 0
      }
    },
	{
      "Id": 28,
      "Name": "sklearn_Bulk_Fit_Predict",
      "Type": 0,
      "ReturnType": 0,
      "Params": {
        "a_model_name": 0,
		    "b_key": 0,
		    "n_features": 0
      }
    },
  {
      "Id": 29,
      "Name": "sklearn_Explain_Importances",
      "Type": 2,
      "ReturnType": 0,
      "Params": {
        "a_model_name": 0
      }
    },
  {
      "Id": 30,
      "Name": "spaCy_Get_Entities",
      "Type": 2,
      "ReturnType": 0,
      "Params": {
        "a_key": 0,
        "b_text": 0,
        "c_other_args": 0
      }
    },
  {
      "Id": 31,
      "Name": "spaCy_Get_Entities_From_Model",
      "Type": 2,
      "ReturnType": 0,
      "Params": {
        "a_key": 0,
        "b_text": 0,
        "c_model_name": 0,
        "d_other_args": 0
      }
    },
  {
      "Id": 32,
      "Name": "spaCy_Retrain",
      "Type": 2,
      "ReturnType": 0,
      "Params": {
        "a_text": 0,
        "b_entity": 0,
        "c_entity_type": 0,
        "d_model_name": 0,
        "e_other_args": 0
      }
    },
    {
      "Id": 33,
      "Name": "Association_Rules",
      "Type": 2,
      "ReturnType": 0,
      "Params": {
        "a_group": 0,
        "b_item": 0,
        "c_other_args": 0
      }
    },
    {
      "Id": 34,
      "Name": "Keras_Set_Layers",
      "Type": 2,
      "ReturnType": 0,
      "Params": {
        "a_model_name": 0,
        "b_sort_order": 1,
        "c_layer_type": 0,
        "d_args": 0,
        "e_kwargs": 0
      }
    },
    {
      "Id": 35,
      "Name": "Keras_Get_History",
      "Type": 2,
      "ReturnType": 0,
      "Params": {
        "a_model_name": 0
      }
    },
    {
      "Id": 36,
      "Name": "sklearn_Predict_Sequence",
      "Type": 2,
      "ReturnType": 0,
      "Params": {
        "a_model_name": 0,
        "b_key": 0,
        "n_features": 0
      }
    },
    {
      "Id": 37,
      "Name": "sklearn_Bulk_Predict_Sequence",
      "Type": 2,
      "ReturnType": 0,
      "Params": {
        "a_model_name": 0,
        "b_key": 0,
        "n_features": 0
      }
    },
    {
      "Id": 38,
      "Name": "sklearn_Predict_Proba_Sequence",
      "Type": 2,
      "ReturnType": 0,
      "Params": {
        "a_model_name": 0,
        "b_key": 0,
        "n_features": 0
      }
    },
    {
      "Id": 39,
      "Name": "sklearn_Bulk_Predict_Proba_Sequence",
      "Type": 2,
      "ReturnType": 0,
      "Params": {
        "a_model_name": 0,
        "b_key": 0,
        "n_features": 0
      }
    },
    {
      "Id": 40,
      "Name": "Prophet_Multivariate",
      "Type": 0,
      "ReturnType": 1,
      "Params": {
        "a_date": 2,
        "b_value": 1,
        "c_holidays": 2,
        "d_added_regressors": 0,
        "e_regressor_args": 0,
        "f_other_args": 0
      }
    },
    {
      "Id": 41,
      "Name": "Prophet_Seasonality_Multivariate",
      "Type": 0,
      "ReturnType": 1,
      "Params": {
        "a_season": 2,
        "b_time_series": 0,
        "c_holidays": 0,
        "d_added_regressors": 0,
        "e_regressor_args": 0,
        "f_other_args": 0
      }
    },
    {
      "Id": 42,
      "Name": "sklearn_Calculate_Metrics_Sequence",
      "Type": 2,
      "ReturnType": 0,
      "Params": {
        "a_model_name": 0,
        "b_key": 0,
		    "n_features": 0
      }
    },
    {
      "Id": 43,
      "Name": "Predict",
      "Type": 0,
      "ReturnType": 0,
      "Params": {
        "a_model_name": 0,
        "n_features": 0,
        "z_other_args": 0
      }
    },
	  {
      "Id": 44,
      "Name": "Bulk_Predict",
      "Type": 2,
      "ReturnType": 0,
      "Params": {
        "a_model_name": 0,
		    "b_key": 0,
        "n_features": 0,
        "z_other_args": 0
      }
    },
    {
      "Id": 45,
      "Name": "Get_Features_Expression",
      "Type": 2,
      "ReturnType": 0,
      "Params": {
        "a_model_name": 0
      }
    }
  ]
}
